a babucha,43907
24/7,1041293
a babuchas,14636
a barrisco,2336
a bocajarro,999659
a borbollones,979510
a borbotones,979509
a buen recaudo,933219
a buen seguro,933220
a caballito,937365
a cada rato,871362
a campo traviesa,980072
a capa y espada,1019802
a capela,11809
a cara de perro,161866
a cara perro,161867
a cascoporro,16718
a cheque,29907
a cholón,16717
a ciencia cierta,11908
a como dé lugar,1036644
a continuación,163066
a contralecho,863930
a contramano,1027618
a contrapelo,103621
a contrario sensu,58390
a contrarreloj,1044835
a costillas,996725
a cucucho,983742
a cuenta de oreja de cochino,1036260
a cuestas,996727
a destajo,118835
a deshora,928629
a destiempo,983739
a dos manos,910136
a dó,901524
a escondidas,103116
a escote,66464
a escuso,996100
a fuerzas,983197
a gamba,14887
a grandes jornadas,910989
a grandes rasgos,993655
a granel,99029
a horcajadas,1011367
a huevo,42111
a humo de pajas,62019
a jornal,1002955
a juro,972326
a la buena de Dios,169188
a la calladita,1002210
a la charamandusca,46246
a la cochiguagua,1012950
a la deriva,77425
a la fija,14359
a la fuerza,1002984
a la guacaresca,109965
a la gurda,22012
a la luna de Paita,158967
a la machimberra,930719
a la mano de Dios,910135
a la marinesca,127500
a la mierda,1040264
a la postre,998564
a la remanguillé,1038485
a la sirga,116161
a la sombra,994334
a la sordina,992937
a la vera,1005608
a la vez,991147
a la zumba marumba,974807
a largas jornadas,910990
a libro abierto,59425
a lo arrecho,978400
a lo bestia,935989
a lo bruto,871991
a lo grande,999129
a lo loco,977181
a lo mejor,160013
a lo que te truje, Chencha,970452
a los coñazos,995432
a lápiz,9449
a látere,928460
a man salva,910165
a mano,910138
a mano abierta,910157
a mano airada,910486
a mano alzada,910487
a mano armada,910159
a mano limpia,910160
a mano salva,910161
a manos abiertas,910488
a manos llenas,910164
a mansalva,180548
a mares,992803
a mata caballo,135720
a matacaballo,135719
a mayores,925717
a media voz,992511
a medio,31598
a medio morir saltando,42828
a menudo,38712
a merced de,571526
a muerte o a vida,912495
a más no poder,25449
a ojo,6866
a ojo de buen cubero,2496
a ojímetro,2508
a pachas,972214
a palo seco,2494
a palos,103190
a partir de,1015107
a pelo,11728
a pie,162553
a pie juntillas,112166
a pierna suelta,47456
a pies juntillas,1012085
a poder ser,25450
a porfía,1006353
a posteriori,11810
a poto pelado,172410
a precio de gallina flaca,1002442
a priori,19857
a propósito,168953
a propósito de escopeta,107344
a puerta fría,103170
a pulmón,1033940
a punta de,979278
a quemarropa,49547
a recaudo,943380
a regañadientes,164356
a renglón seguido,996949
a sabiendas,53868
a salto de mata,118483
a salva mano,910167
a salvo,992961
a secas,992821
a sentadillas,125907
a simple vista,28322
a tiempo,979140
a toda greña,1042174
a toda hostia,1009028
a toda leche,1009027
a toda mecha,1006198
a todo pulmón,980563
a todo reventar,65793
a todo tren,21519
a tomar por culo,163956
a trancas y barrancas,958683
a trasmano,1044207
a través,166462
a través de,1011815
a tres dobles y un repique,158858
a tresbolillo,60512
a tropezones,962505
a tutiplén,115284
a una mano,910168
a veces,87833
a voces,1040499
a voleo,1005710
a wilbur,984065
a wílbur,984142
ab intestato,12885
ab ovo,64743
abajo,1905
abaldonadamente,12091
abarrisco,12611
abastadamente,12762
abastanza,12768
abasto,12811
abdicativamente,47675
abatidamente,12817
abemoladamente,92981
abiertamente,12914
abnegadamente,22886
abominablemente,109896
abondadamente,123555
abondo,106301
abondosamente,123558
abonico,1040421
aborreciblemente,123567
abrasadamente,103057
abreviadamente,49651
abrumadoramente,178850
abruptamente,179342
absolutamente,52245
abstractamente,179343
absurdamente,179357
abundadamente,107569
abundantemente,47577
abundo,107581
abundosamente,179359
aburridamente,107719
abusadoramente,179349
abusivamente,179350
abés,108313
acabadamente,107997
acabdilladamente,123958
académicamente,108441
acaloradamente,108658
acaso,78759
acatadamente,109352
accesoriamente,112516
accidentadamente,109688
accidentalmente,103059
accidentariamente,112541
acedamente,122285
aceleradamente,123774
acentuadamente,123873
aceptablemente,130697
aceptadamente,123776
aceradamente,126637
acerbamente,125406
acerca,104950
aclaratoriamente,111223
acogedoramente,162504
acomedidamente,179352
acomodadamente,131681
acompasadamente,127687
acomplejadamente,179351
acongojadamente,900979
acordablemente,131684
acordadamente,131685
acordantemente,132548
acordemente,900961
acostumbradamente,131678
acremente,163214
acrisoladamente,132288
adrede,69062
adónde,882268
adunia,901324
advertidamente,901186
aeronáuticamente,179345
adorablemente,509028
aeróbicamente,179347
adó,901523
adoquiera,901462
adredemente,901184
afablemente,178793
afanosamente,179356
afectuosamente,179354
afectadamente,1011679
afeitadamente,901844
aferradamente,901861
afeminadamente,901852
afincadamente,901906
afinadamente,901902
afirmativamente,901945
afirmativo,166006
afligidamente,902085
afirmadamente,901944
agora,41683
afrentosamente,1041349
afluentemente,902086
afuera,10442
afortunadamente,533266
agraciadamente,172162
agradablemente,132595
agramente,905745
agrariamente,179353
agresivamente,162867
agravantemente,125151
agriamente,905746
agronómicamente,179358
agudamente,178829
ahervoradamente,911432
agraviadamente,125152
ahora,18767
ahorita,30669
ahincadamente,901907
ahora más tarde,1012169
ahoritita,993294
ahorradamente,981941
ahun,862039
ahí,41590
ahína,940168
ahé,994143
airadamente,994400
aindamáis,994374
ajoba,14609
airosamente,928154
aisladamente,906084
ajustadamente,164133
al abordaje,540064
al apa,29908
al buen tuntún,860519
al barrer,159975
al compás de,980511
al caletre,971453
al bulto,14687
al día,164920
al derredor,1011796
al contado,1041516
al lado,160846
al garete,1037269
al corriente,164921
al lote,46274
al margen,548663
al peo,935036
al palo,1040412
al mismo tiempo,915589
al pie de la letra,124564
al por menor,1011585
al punto,994473
al reo,1043554
al rojo,872677
al ralentí,171415
al rededor,1011789
al por mayor,1002518
al sesgo,1006869
al seco,43288
al soslayo,118327
al rojo vivo,872678
al tiro,17418
al ñudo,15135
al toque,1042452
al través,1011519
al tuntún,104126
alarmadamente,122705
alatinadamente,997624
alante,1043244
alborotosamente,179348
alarmantemente,122710
alargadamente,997422
alborozadamente,125154
alcalizablemente,118141
alderredor,1003690
alcalizadamente,118140
aleatoriamente,981588
aldeanamente,1003668
alegremente,112850
alegóricamente,179355
alentadamente,1004074
alevosamente,1039329
alertamente,1003847
algo,41511
alguandre,1005687
alerta,96704
algunamente,1005653
alfabéticamente,179361
alias,947576
algún día,915482
aliende,1006114
allende,29070
allá,41586
allí,41558
allú,1009184
alocadamente,103060
allén,1009182
alrededor,101968
altamente,163794
alrededor de,906094
alternativamente,125808
altimétricamente,131456
altiro,45881
altivamente,1039330
altruistamente,70679
altísimamente,131462
alto,45971
amargamente,178897
alérgicamente,179360
altruísticamente,101787
alzadamente,125807
ambiguamente,125819
amablemente,178891
ambulatoriamente,125825
amenguadamente,126113
ambulativamente,179362
amistosamente,50883
amigablemente,50885
ampliamente,163793
anafóricamente,179363
amorosamente,160907
analíticamente,103061
anatómicamente,124123
andante,125082
ancá,1004295
analógicamente,125821
ande,311047
anchamente,126204
angustiosamente,179364
angostamente,126205
aniñadamente,127660
anoche,51034
ansimismo,1029406
animadamente,127294
ansina,909364
ansiosamente,937691
ansí,1012631
antarca,420731
antaño,59087
anteanteayer,399574
ante merídiem,104828
anteayer,161567
antemano,127269
anteantier,399575
antemeridiano,104834
anteriormente,164285
anticipadamente,127213
antes de tiempo,1009259
antedía,90929
anticonstitucionalmente,900047
antes de ayer,164287
antes de que se santigüe un cura loco,161547
antier,164286
antes,61609
antiguamente,47883
análogamente,125822
anualmente,169444
antinaturalmente,179369
antojadizamente,926976
antipáticamente,179375
aparentemente,15467
anónimamente,179365
apaciblemente,172428
apartadamente,116878
aparte,116864
apasionadamente,48591
apocadamente,522391
apegadamente,104825
aposta,112727
apresuradamente,179377
apostadamente,112726
apenas,71146
apropiadamente,987447
aprisa,1007162
adoquier,901463
aptamente,179368
apuestamente,112635
apuesto,98999
aproximadamente,28356
aquende,29071
apuradamente,117903
após,66286
aqui,26313
aquí,25832
arbitrariamente,179366
aquí y allí,950910
arafue,1038841
ardorosamente,103058
armoniosamente,127305
aristocráticamente,916789
armónicamente,179378
aromosamente,179367
aromáticamente,179372
arquetípicamente,179370
arquitectónicamente,179382
arregladamente,130435
arraigadamente,120866
arregladísimamente,130433
arreo,331966
arrepentidamente,1041384
arrasadoramente,179381
arriba,67819
arrebatadamente,128169
arriesgadamente,928905
artesanalmente,173235
arteramente,179376
artificiosamente,1007169
asaz,29069
asertivamente,122440
asiduamente,178902
ascéticamente,981155
artísticamente,173233
asexualmente,925046
asimismo,38519
asi,909269
asimétricamente,210616
asoladoramente,179373
asmadamente,118460
aspérrimamente,955707
asombrosamente,179383
asuso,30630
astrosamente,124810
así es,1040013
así,41314
asín,155746
asumadamente,127417
así que,1012072
atolondradamente,905620
atentamente,45248
anticonstitucionalísimamente,1037506
aparatosamente,991948
atrás,112289
atropelladamente,902569
actualmente,132297
atroden,14627
atómicamente,179371
atrodén,14628
acuitadamente,189829
aun,111923
acústicamente,179346
ad litteram,69224
automáticamente,1040106
autobiográficamente,982247
auténticamente,110746
autárquicamente,179390
avariciosamente,952546
avaramente,997330
aventuradamente,928904
avispadamente,179380
ayer,28725
avés,508975
ay,158115
ayuso,67816
añalmente,908950
aún así,932227
aún,71292
bajo cuerda,1009395
aína,158800
aúna,111924
bacán,21976
acuciosamente,131819
bajo presión,977756
bajo mano,910181
banalmente,905923
bacano,98869
bajamente,179392
bandera,19609
baratamente,179388
bastadamente,111176
bastante,111173
bastantemente,111178
bastantísimamente,111209
bellamente,126270
bellacamente,26868
benignamente,179384
bibliográficamente,982248
bien, gracias,970210
bibliotecológicamente,179386
bien,21984
biográficamente,179387
bocarriba,978723
blandamente,179385
breve,75040
bondadosamente,179389
briosamente,179391
bruscamente,982014
buenamente,1011693
brutalmente,179398
broncamente,179396
brevissimamente,912952
bulliciosamente,164255
burdamente,1039511
brillantemente,914343
brumosamente,179397
but,38612
cabal,16377
básicamente,121475
caballerescamente,43468
caballerilmente,926978
cabalmente,998470
cada muerte de un judío,91169
cada muerte de obispo,91168
cachada,43581
caballerosamente,43466
caer en poder de las lenguas,25470
cachá,43135
calamitosamente,179393
caleta,17617
caligráficamente,982249
calorosamente,131665
cansadamente,43608
camaleónicamente,179394
capaz,101969
calumniosamente,131667
cantidad,1822
calurosamente,131666
caninamente,371550
capaz que,1040943
cara a cara,940545
capitularmente,112104
caprichosamente,916520
cariñosamente,179401
carnalmente,103647
caro,29048
cartográficamente,982250
carnaválicamente,179409
casi,53398
casarse por poder,25469
catafóricamente,179402
casualmente,990585
castamente,179412
castigadamente,111031
catastróficamente,179404
categóricamente,48612
católicamente,158530
caudalosamente,1006220
cautelosamente,166980
cavilosamente,164740
cañón,44109
celadamente,130699
cerca,28795
celestialmente,926977
cerca de,1002510
cercanamente,928089
cero out cero carrera,1013630
cerquita,1029035
ceremoniosamente,928714
cerquísima,1029034
ceñidamente,1005813
certeramente,178789
chabacanadamente,926981
chambonamente,179408
ceteris paribus,161040
chistosamente,123209
chapuceramente,1011422
chévere,13381
chupi,971518
cientemente,115846
ciegamente,170319
chiva,22150
chuscamente,179405
científicamente,115849
cinematográficamente,982254
cierto,105271
clamorosamente,179403
clandestinamente,103114
claro que no va a volver a pasar,1017400
claramente,103733
clericalmente,158208
claro,2844
claro y raspa'o,1007662
climáticamente,179407
cochinamente,179400
clínicamente,130529
cognitivamente,179411
colectivamente,178990
coloridamente,926979
cohesivamente,179406
coléricamente,179410
comercialmente,23050
como,26177
comedidamente,179413
como a un trapo de piso,15428
como chino,157458
como anillo al dedo,47912
como cuando vinimos de España,21917
como así me lo quiero,25559
como cosa rara,1010350
como con la mano,910275
como debe ser,977633
ciertamente,71933
como el tuje,1039586
como el culo,1027430
como es debido,977632
como es,977739
como para una boda,1012081
como Pedro por su casa,901983
como la mona,120458
como perros y gatos,980102
como Perico por su casa,901982
como pez en el agua,161697
como un libro abierto,69511
como un tronco,996128
como sea,1041525
como por la mano,910596
como quien no quiere la cosa,25558
compaginadamente,135415
compasadamente,115111
comparativamente,165850
complejamente,179416
compendiosamente,1005765
completamente,103046
compuestamente,372109
compulsivamente,179414
comunamente,916185
comunicativamente,179417
comúnmente,71442
comunísimamente,372559
con conocimiento de causa,1012812
con el culo al aire,929571
con criterio de escasez,1037490
con delirio,164024
con el culo entre las patas,1041383
con el culo en dos manos,978296
con el dolor del alma,1006032
con el diario del lunes,1019799
con franca mano,910276
con gusto,160728
con la mano en el corazón,910313
con larga mano,910314
con la sangre en el ojo,1041307
con la lengua fuera,161914
con la negra,25719
con las manos cruzadas,910315
con las manos en la cabeza,910316
con las manos en la cinta,910317
con las manos en la masa,910318
con las manos vacías,910319
con lengua,979294
con mano escasa,910322
con mano pesada,910324
con mano armada,910323
con qué ropa,41273
con razón,973800
con toda la furia,1043878
concertadamente,911396
con todo,1044884
con todo respeto,978931
con una mano atrás y otra delante,910599
concienzudamente,43587
concordemente,187251
condescendientemente,981505
concupiscentemente,1040941
condosco,1044256
confidentemente,22878
confidencialmente,22877
conflictivamente,179421
confusamente,905621
conforme,24258
conformemente,187253
conjuntamente,178991
conmigo,61659
congénitamente,179419
conmovedoramente,179418
connotativamente,158097
conquistadoramente,179424
conocidamente,172044
conscientemente,43590
consecutivamente,1043556
considerablemente,134757
constitucionalmente,981527
contagiosamente,179426
contentamente,117756
contimás,105734
contiguamente,111639
contumazmente,103648
contingentemente,502181
contramano,1027619
continuamente,179427
convencionalmente,127999
copiosamente,103069
cooperativamente,179432
coordinadamente,135128
convincentemente,103649
cordialmente,178874
corporalmente,916085
correctamente,103734
correlativamente,942438
corriente,52338
cortamente,179429
cosméticamente,179420
cosmográficamente,1000745
cotidianamente,915729
costosamente,179425
creíblemente,122269
crecidamente,44304
creativamente,179423
cristalinamente,179431
cronológicamente,103667
crudamente,43460
cruelmente,103668
cronográficamente,982252
cruentamente,103669
cromatográficamente,982251
crédulamente,122213
crónicamente,179435
crípticamente,179430
cuando el infierno se congele,161348
cuando las ranas críen pelo,107129
cuan,76395
cortésmente,178892
cuando quiera,25557
cual,109970
cuando,20016
cuando le paguen a los bomberos,43308
cuando repican Gloria,1041940
cuantimás,105732
culinariamente,981901
cuidadosamente,92325
cuantiosamente,111413
cuanto,109971
cultamente,177039
cum laude,62950
culto,7214
cuál,109967
curiosamente,109087
cumplidamente,911926
cuán,26018
cuándo,111532
cándidamente,179395
cuánto,111407
cáusticamente,179399
cíclicamente,981618
cínicamente,43599
cómo,20015
cómo es posible,1012049
daquén,127199
cómicamente,125924
dadivosamente,179433
cómodamente,179415
cósmicamente,179422
daquí,575161
de a huevo,157738
de a poco,920382
de acuerdo,166725
de acá para acullá,950907
de agache,1042180
de acá para allá,950905
de antemano,127212
de allá para acá,950908
de aquí para allí,950906
de aquí para allá,950904
de baracalofi,1029082
de bruces,575196
de buces,575197
de cabo a rabo,1042810
de carambola,1037447
de buenas a primeras,985586
de chincol a jote,993798
de ciento a viento,929492
de ciento en viento,929493
de consuno,1006065
de coro,988970
de consiguiente,547369
de cuajo,979228
de frentón,46277
de entrada,944761
de garrón,14939
de entrecasa,14852
de golpe,871629
de dorapa,1039436
de grado,907153
de gracia,1006309
de improviso,1002901
de inmediato,992962
de infantería,14971
de Guatemala a Guatepeor,120959
de jarras,992752
de la a a la zeta,1035699
de mentiras,102388
de la mano,998666
de mentira,102387
de mentas,1039983
de más,1002372
de mientra,111311
de papaya,940328
de mala gana,988012
de nuevo,28964
de papayita,940327
de par en par,112443
de Pascuas a Ramos,91171
de poder a poder,25463
de pe a pa,158179
de paso,985792
de por vida,73820
de pasapalo,1016863
de prisa,130738
de primera,41628
de posta,15215
de profundis,130740
de propio,910769
de propósito,165909
de rechupete,1043104
de sobremesa,88936
de repente,69454
de segunda,41629
de rondón,1007248
de sobra,160679
de sol a sol,16268
de seguida,119245
de sopetón,996652
de soslayo,1011546
de suyo,1007196
de todo en todo,989212
de todas maneras,1016063
de través,1011520
de trecho en trecho,1040422
de un saque,15318
de una hebra,210549
de tropel,994248
de un tirón,210550
de un paraguazo,107271
de un plumazo,157858
de volatería,905848
de vez en cuando,921222
de ñangué,1038807
de vuelta,871683
debajo,105047
debidamente,987446
decisivamente,124875
decididamente,125913
declarativamente,179428
definitivamente,115344
delant,114132
del todo,871628
decorativamente,179434
deco,1039871
dejadamente,179438
delante,114129
deductivamente,179436
delicadamente,103045
demasiadamente,111322
deliciosamente,180975
deliberadamente,168406
demasiado,111317
demasiado tarde,979141
democráticamente,179456
demás,111333
denantes,106269
denodadamente,1041220
denotativamente,158098
dentro,28802
dentro de,162456
densuno,109993
dependientemente,113957
depravadamente,509241
deprisa,130737
depurablemente,130746
deportivamente,179440
depuradamente,130748
derechureramente,926982
desafinadamente,901904
desafortunadamente,127824
desagarradamente,127833
desafrancesadamente,127827
desagradablemente,93406
desagora,127845
desahuciadamente,74986
desalentadamente,160518
desaladamente,160526
desanimadamente,522860
desamparadamente,110485
desarregladamente,1012102
desapercibidamente,160937
desapasionadamente,111507
descaudilladamente,110458
descomedidamente,178787
descarnadamente,66200
desaseadamente,159110
descaradamente,110484
descompuestamente,1011674
desconcertadamente,1037442
desconcentradamente,1038961
descoordinadamente,135227
desconsideradamente,995020
descuidadamente,104127
descubiertamente,125114
desde luego,1017181
desconocidamente,172058
deseosamente,179441
desgraciadamente,172275
desdeñosamente,159514
desde que amanece Dios,1042770
desfavorablemente,159683
desencantadamente,160566
deshonestamente,906140
desmesuradamente,178786
desordenadamente,911391
despacito por las piedras,123313
despacio,73653
despectivamente,159515
despiadadamente,981516
desproporcionadamente,169938
despiertamente,157184
despegadamente,104826
desvariadamente,177113
desventuradamente,179444
destructivamente,179439
después,61611
desvergonzadamente,65865
después de viejo,1009260
detrás,101879
devastadoramente,179449
diariamente,915723
deícticamente,179437
diestramente,983198
dialógicamente,165820
dicho sea de paso,1043231
diferente,28689
dichosamente,124298
didácticamente,135517
dificultosamente,915743
difícilmente,125859
dignamente,179443
digitalmente,926983
dinámicamente,179445
discretamente,104449
disparatadamente,117873
directamente,103054
disparadamente,117868
displicentemente,979128
disculpablemente,111846
disculpadamente,111848
disimuladamente,1002812
dispositivamente,116800
distantemente,171933
distintivamente,179447
divinalmente,115492
disyuntivamente,179442
auditivamente,179374
atriqui,14626
audazmente,1039700
atontadamente,994343
divinamente,115493
administrativamente,901170
adolescentemente,926980
adelantre,111814
doctoralmente,113373
adaptadamente,901187
adamadamente,901188
adondequiera,901460
acá,29249
donde el Diablo perdió el poncho,119377
donde el diablo perdió el poncho,119378
donde no te pega el sol,16269
donde quiera,25511
dondequiera,25512
doquier,901464
doquiera,25510
doquiere,901467
dramáticamente,125847
dorsoventralmente,22230
dudosamente,179454
durablemente,910085
drásticamente,179451
duramente,179446
duro,24308
dulce,10547
día de por medio,1019795
día por medio,1019794
día después,165218
duraderamente,910084
día siguiente,165217
ecológicamente,179452
echando leches,161987
dónde,164982
económicamente,179450
ecuánimemente,1005750
efectivamente,1040012
educativamente,179458
efímeramente,179455
eficientemente,134618
electrónicamente,179453
el día de San Blando,169180
elegantísimamente,928147
elocuentemente,1038457
elegantemente,928148
elásticamente,109026
eléctricamente,981619
embarazadamente,128212
embarazosamente,128215
embrolladamente,72929
embozadamente,1009347
eminencialmente,101650
eminentemente,101651
emotivamente,157708
empalagosamente,179459
emocionalmente,157698
elípticamente,179457
empeñadamente,103198
en absoluto,1006634
en activo,1011810
en avieso,906167
empíricamente,103197
en acha,999812
en bruto,871996
en base a,1041246
en buen romance,912512
en bolas,161044
en balde,979236
en contorno,1011797
en conclusion,373185
en chancletas,41784
en cuatro patas,14811
en cuatro,14812
en derredor,998345
en el fuero interno,979082
en cuclillas,979265
en directo,125204
en efecto,1041241
en diferido,125210
en el quinto coño,930117
en el quinto pino,92665
en el supuesto negado,1039448
en flagrante,547293
en escuso,996101
en el tiempo de ñaupa,15131
en grande,999128
en grueso,1002517
en la lona,1044926
en jarras,992751
en frío,103171
en la vida,1039385
en lontananza,979280
en lugar de,992452
en manera alguna,1002348
en mientra,111312
en particular,1040532
en pelota,913527
en pelota viva,161041
en pelotas,161042
en pelota picada,161043
en público,42956
en pico de zamuro,969653
en persona,127836
en línea,58499
en propiedad,996749
en pos de,1037617
en rededor,1011790
en redor,1011793
en seco,1038855
en sazón,1011737
en seguida,119243
en sordina,992938
en tanto,1041225
en serio,993169
en territorio enemigo,503794
en tarlipes,1044242
en tiempo de Maricastaña,901981
en tiempo del rey Perico,901980
en torno,62622
en tres y dos,971560
en torno a,62621
en tiempos del rey Wamba,127030
en tropel,994247
en un pestañeo,980507
en un pispás,55318
en tromba,1005689
en un santiamén,1041393
en una de esas,1040945
en vilo,59618
en vano,985101
en vivo,125169
enamoradamente,101656
enatíamente,160559
encantadoramente,179460
encargadamente,119154
encarecidamente,119156
encima,71293
encogidamente,522390
encubiertamente,1009349
endenantes,106268
encumbradamente,103398
enderezadamente,103399
ende,120150
endespués,983429
endiabladamente,103589
enemigablemente,104219
enemigamente,104753
endurecidamente,104218
enfadosamente,111316
enfáticamente,103066
enfermamente,104783
engañosamente,103397
enfrente,117939
enigmáticamente,74068
enhorabuena,971890
engorrosamente,179464
enojadamente,119434
enojosamente,119438
enormemente,163791
ensayísticamente,179461
enseguida,57346
enseñadamente,162980
entendidamente,103400
enteramente,101652
entesadamente,101654
entonce,41608
enternecidamente,101653
entonces,41609
entrañablemente,103590
entrañalmente,103591
entre rejas,998275
entradoramente,179463
entre la espada y la pared,10775
entre dientes,949719
entre semana,982873
entregamientre,118600
entregadamente,101655
entresemana,960111
entretanto,105661
entricadamente,103240
eo ipso,65049
envidiablemente,178893
envidiosamente,179462
enérgicamente,111192
epentéticamente,179468
eo nomine,65057
equívocamente,118389
equivocadamente,118388
erróneamente,117890
escabrosamente,111196
escarnecidamente,104782
escasamente,104755
escatológicamente,179469
escandalosamente,103109
escenográficamente,103110
escientemente,103111
escuderilmente,103106
escrupulosamente,168959
escondidamente,103113
escuetamente,103103
escépticamente,115579
esencialmente,158237
esforzadamente,103105
esmeradamente,103659
espantosamente,179466
eso sí que no,1007570
especial,21105
específicamente,916521
esperadamente,913222
especialmente,103737
espinosamente,179470
esplendorosamente,509135
esporádicamente,73474
estoicamente,981204
espontáneamente,179465
esquemáticamente,981614
estilísticamente,179471
estrechísimamente,110137
estonces,127120
estrechamente,110135
estorbosamente,179473
esto,54197
estresadamente,179472
estrictamente,111332
estropajosamente,913642
estultamente,117487
estructuralmente,981205
estupendamente,117474
estéticamente,125915
etcétera,43414
estólidamente,1007216
estúpidamente,914272
eternamente,1009164
etnográficamente,179467
eufóricamente,981652
eufónicamente,179477
evaluativamente,179476
eventualmente,1007309
ex profeso,165908
exageradamente,168459
exactamente,69229
evidentemente,106147
ex situ,1042033
exagerativamente,168460
excepcionalmente,1011929
excepto,41231
excesivamente,103048
exclamativamente,172828
exclamatoriamente,172829
exhaustivamente,179475
exclusivamente,103727
excessivamente,910053
expresamente,165907
expeditamente,93635
explícitamente,924421
existencialmente,502961
expresivamente,179474
extendidamente,110090
expreso,102097
extensamente,110093
extensivamente,110094
exteriormente,1039369
extraanticonstitucionalísimamente,1037550
extranticonstitucionalísimamente,1037792
extraordinariamente,129000
exquisitamente,179479
extravagantemente,129004
extraterritorialmente,926984
extrañamente,128990
exuberantemente,981939
extremadamente,103047
fabulosamente,179478
familiarmente,119702
famosamente,179480
fantasmagóricamente,117297
fantasiosamente,179491
fantásticamente,117292
farmacológicamente,503844
fatal,49323
fatalmente,125902
feamente,126271
favorecidamente,125509
fatigosamente,509025
fatigadamente,179483
favorablemente,125512
febrilmente,126274
fecundamente,126268
fehacientemente,916143
felicemente,916034
felizmente,916029
fenomenal,971519
fervorosamente,911411
ferozmente,925832
filantrópicamente,982649
festivamente,133037
fieramente,43693
filatélicamente,160638
fijo,167241
filete,1002847
filialmente,999492
filológicamente,982650
filosamente,179494
filosóficamente,127297
finalmente,113175
firme,24313
flacamente,523365
flexiblemente,109025
flexivamente,179498
finamente,179482
firmemente,103780
folclóricamente,179486
fluidamente,179499
fonológicamente,179485
formalmente,127098
forzado,363347
formidablemente,178894
forzosamente,926508
francamente,124301
fraudulentamente,1009350
frecuentemente,103049
frente a frente,941482
frecuentísimamente,916352
frequentissimamente,916509
fotográficamente,571433
freqüentemente,106892
fotolitográficamente,571435
fríamente,926985
frívolamente,906087
fuera,76445
fructíferamente,179481
fuera de hueveo,991456
fuerte y al medio,1037326
fuertemente,103740
furiosamente,179489
furtivamente,43417
fácilmente,103050
fóbicamente,106786
físicamente,916084
fúnebremente,913125
fuera de servicio,979453
gacho,54140
fútilmente,905983
galantemente,101665
gananciosamente,114606
gallardamente,101667
gangosamente,179484
garridamente,101669
garbosamente,101668
ganosamente,101666
generalmente,127031
genialmente,112077
generosísimamente,988422
gastronómicamente,179488
geográficamente,916769
gentilmente,65395
generosamente,179487
geológicamente,179493
geométricamente,179492
gimnásticamente,179490
globalmente,910081
graciosamente,172312
gloriosamente,103231
gradualmente,1037860
gramaticalmente,157609
grandissimamente,899844
grandemente,157669
gratamente,172315
gratarola,14951
gratis,120715
gregariamente,179496
gratuitamente,172333
gravitacionalmente,60170
gringamente,912775
grosso modo,28739
groseramente,179495
grotescamente,916596
guardadamente,114409
guerreramente,120950
gubernativamente,119400
gustosamente,179497
habilidosamente,179501
habitualmente,164771
hablar por el campeonato,57700
hartamente,117691
habilísimamente,999669
harto,117676
hasta,7097
hasta cuándo,1016690
hasta la polla,1044265
hasta el tuétano,1011688
hasta los tequeteques,936910
hasta la bola,161122
hasta lapó,1044264
hasta la bandera,161123
he,15897
hasta más no poder,25451
hecho la mocha,121382
hegemónicamente,982301
heroicamente,542345
hermosamente,179500
herméticamente,926986
heurísticamente,127298
historialmente,548778
históricamente,548779
historiográficamente,981663
histriónicamente,1007296
hogaño,104748
hoi,157427
honestamente,103051
homosexualmente,926987
honradamente,179515
horriblemente,914345
hondamente,179509
hora,30602
horita,123056
horizontalmente,911657
horrorosamente,179514
hoscamente,1011363
hoy,712
hoy día,999833
hábilmente,164822
ibídem,53547
idealmente,981156
ibidem,41362
igual,44823
idénticamente,160773
ignominiosamente,998533
ilegalmente,103715
igualmente,173216
ilegiblemente,443023
iluminadamente,926988
imbécilmente,117951
imediatamente,909509
impajaritablemente,50587
imperiosamente,179503
impensadamente,913207
impetuosamente,179507
imperceptiblemente,931321
implícitamente,924422
implacablemente,178899
importunadamente,114041
importunamente,114038
imposiblemente,114027
improbablemente,73662
impropriamente,900518
impropiamente,900497
improvisadamente,900529
improvisamente,900533
imprudentemente,900613
impróvidamente,901229
impunemente,901544
impávidamente,901558
impíamente,901559
impuramente,901546
in fraganti,547292
impúdicamente,901563
inaccesiblemente,901575
inadvertidamente,901223
inalterablemente,901169
incansablemente,900735
incautamente,900568
incendiariamente,125844
incesablemente,900626
incesantemente,900643
incidentalmente,900653
incestuosamente,900646
incidentemente,900654
inciertamente,900671
incivilmente,900710
inclusivamente,28700
inclusive,111631
incluso,111623
incomprensiblemente,900838
incoherentemente,900745
incompletamente,373215
incomparablemente,165851
incompuestamente,900844
incondicionalmente,901034
inconexamente,1005764
inconcusamente,900903
incongruamente,901598
incongruentemente,900883
inconsideradamente,124297
inconscientemente,126278
inconstantemente,902319
inconsolablemente,902150
inconstitucionalmente,900520
incontinentemente,916947
incorporalmente,905832
incontrastablemente,916948
incontinenti,916950
inconsultamente,906604
incorrectamente,901736
incorregiblemente,906846
increíblemente,113728
incorruptamente,906743
incruentamente,103671
incuestionablemente,981160
inculpadamente,900530
inculpablemente,901622
incultamente,181160
incrédulamente,901737
incómodamente,373206
indecorosamente,998696
indeliberadamente,571392
independientemente,906085
indevotamente,122864
independientemente de,906086
indignamente,67509
indignadamente,179508
indirectamente,103055
indistintamente,1039246
indisolublemente,1005776
indudablemente,126276
indolentemente,980396
individuamente,936931
individualmente,905917
inexorablemente,72144
inesperadamente,913211
inevitablemente,56890
infaliblemente,92232
inexplicablemente,103735
infatigablemente,509014
infelicemente,916035
infelizmente,916030
infernalmente,127300
informadamente,110253
inflexiblemente,912186
infraganti,547291
ingratamente,172334
infortunadamente,533289
infructuosamente,179502
inintencionalmente,909811
ininterrumpidamente,1043555
ingeniosamente,110987
injuriosamente,503929
injustamente,503930
injustificadamente,503931
inmediatamente,103056
inmemorablemente,913416
inmerecidamente,178727
inmoralmente,981157
inmensamente,163792
inmortalmente,981158
innovadoramente,179523
inolvidablemente,178907
insensatamente,911387
insidiosamente,928376
inopinadamente,130447
insistentemente,92588
instructivamente,179505
insuperablemente,982391
insustancialmente,906088
inspeccionadamente,116816
instantáneamente,1041394
integerrimamente,872845
inteligentemente,1016452
intempestivamente,980043
intensamente,103782
intensivamente,112963
interesadamente,115094
interrogativamente,172859
interiormente,928163
internacionalmente,981590
internamente,928171
intransitivamente,179504
intuitivamente,168481
intrépidamente,157607
intrínsecamente,1013649
intrincadamente,103239
inutilmente,915728
invariablemente,93818
inventivamente,179518
invisiblemente,119095
invitadamente,119062
invocadamente,119084
inútilmente,127471
involuntariamente,117675
irracionalmente,981609
irregularmente,102987
irreflexivamente,910082
ipso facto,65051
irrespetuosamente,67510
irremediablemente,872242
irresponsablemente,906151
irritadamente,179506
irónicamente,1011965
irremisiblemente,979847
jactanciosamente,1011370
jamás,71275
jamás de los jamases,1035851
jerárquicamente,1040078
jocosamente,179510
jodidamente,926989
jovialmente,133038
jamás y nunca,1011948
jubilosamente,916551
juntamente,112170
judicialmente,916549
jugosamente,179512
junto,112153
jurídicamente,916547
justiniano,14990
justamente,913900
justo,65403
la masa no está para bollos,937711
lacónicamente,981149
lamentablemente,111749
lastimeramente,116511
lascivamente,115013
lastimosamente,116513
lateralmente,914101
lealmente,93652
legalmente,169671
legislativamente,910040
laudatoriamente,179511
lejos,40328
lejitos,171260
lento,7167
lejísimos,171261
lentamente,69941
lexicalmente,128659
lerdamente,179520
letárgicamente,179513
lexicográficamente,128660
lexicológicamente,128664
liberrimamente,882563
libertadamente,110317
ligero,18998
ligeramente,28798
libremente,1040011
limitadamente,179516
lingüísticamente,127296
lindamente,179522
lisa y llanamente,1042457
lisamente,914350
lisonjeramente,914499
listamente,111578
litofotográficamente,571434
literalmente,7169
llenamente,113970
livianamente,906048
lo mismo,1039669
llueva, truene o relampaguee,936911
localmente,125899
lo que sea,1002786
lo único que faltaba,1012035
logo,43518
locamente,522857
logradamente,179517
longitudinalmente,981150
luego,62616
lujuriosamente,179526
lujosamente,158127
lumínicamente,179525
líberamente,110310
líricamente,125918
léxicamente,128657
lúdicamente,179521
lógicamente,179519
lúbricamente,179524
ma qué,1039673
luminosamente,179528
macanudo,96600
magna cum laude,62951
maduramente,179529
magnánimamente,179532
magnéticamente,981151
magníficamente,178895
majestuosamente,117520
mal,17188
malamente,985527
malavez,159742
malavés,159743
maldecidamente,111455
maldadosamente,916797
maldicientemente,111460
malditamente,111461
maliciosamente,916796
malísimamente,1001442
mancomunadamente,1040886
manifiestamente,165463
maniáticamente,179527
mano sobre mano,997863
mansamente,86174
mansito,86175
manos en jarra,992753
maravillosamente,126272
mar adentro,45525
manu militari,94589
maquinalmente,571391
masivamente,179530
matacaballo,135723
maso,106935
matemáticamente,988421
materialmente,127295
mayormente,113287
mayormientre,113286
mañana,9030
mañosamente,179535
me lo avisas,1013257
medalaganariamente,914370
mecánicamente,571390
meditativamente,157608
mediáticamente,179534
mejor,21912
melodramatiquísimamente,1037492
medrosamente,1040318
menos,21915
menos mal,995391
melodramáticamente,1037491
menudamente,1011588
meramente,950879
merecidamente,116294
mercantilmente,302750
meritocráticamente,179533
meritoriamente,178722
mesmamente,970444
mesuradamente,1005821
metafísicamente,982246
metamórficamente,982245
metafóricamente,179531
meticulosamente,179537
mezcladamente,130122
mientra,111308
mientre,111307
mientras,111305
minuciosamente,103052
mismo,41845
misteriosamente,179536
mitad,105716
mocosuena,930767
moderadamente,1005822
miti mota,999044
mogollón,129171
modernamente,203183
monstruosamente,116660
molestamente,133100
montaña,20553
monumentalmente,913136
moralmente,171560
monótonamente,116674
morfológicamente,179541
mortalmente,981152
mucho,41297
muchísimo,127485
muellemente,163547
muito,26319
musicalmente,179550
mutualmente,157507
mutuamente,157468
muy,29242
más,21909
más allá,941772
más o menos,81394
más lento que un Alka Seltzer en un vaso de chicha,1044870
más que la cresta,125853
más rato,43583
más... que,978407
máxime,1040070
mórbidamente,179538
míseramente,522392
na,30271
naca la pirinaca,42895
nacionalmente,118349
nada,42747
nada que ver,130485
nada más,977800
naturalmente,913174
natural,44066
naguará,921069
necesariamente,1002986
negativo,125787
negativamente,125788
marrulleramente,160586
negligentemente,900268
nel,124263
nerviosamente,119790
ministerialmente,116967
ni de broma,165232
ni de casualidad,165235
ni de coña,165230
ni de vainas,983810
ni de guasa,165233
ni harto vino,165234
ni mucho menos,1039883
morbosamente,179540
ni por el coño,1030923
ni por las tapas,44265
ni por el putas,983809
ni por pienso,158977
ni se te ocurra,1016916
ni siquiera,899935
nimiamente,916544
nica,995196
no así,1015576
no me hagas reír,1037262
no más,169868
no,25433
no necesariamente,1019633
no poder con algo,25453
no obstante,924498
no poder menos,25447
no poder consigo mismo,25454
no quieras pensar,25517
no sin antes,977532
no poder más que,25445
no quieras saber,25516
no una cosa así que digan ¡qué bruto!,1031081
no, chico,978166
no vengas tú,1037592
noblemente,1011489
no... muy... que digamos,1015658
no, gracias,170674
noche y día,998087
nocturnamente,908975
nomás,900265
non,10340
normalito,944549
normalmente,71443
nuevamente,111402
nunca,17885
novedosamente,179547
notablemente,178896
nunca jamás,1035843
nutritivamente,179539
novelísticamente,125928
ní,57024
nítidamente,179542
obcecadamente,370838
oblicuamente,179543
obligatoriamente,110292
obrar por poder,25459
obstinadamente,93379
obsesivamente,179545
obtusamente,179546
ocasionalmente,91958
ocupadamente,179544
obviamente,115529
odiosamente,179548
oficialmente,127097
obscenamente,906141
ofuscadamente,179551
ogaño,104749
okey,15139
olorosamente,179549
onde,26175
ondulatoriamente,179552
operación tortuga,171443
online,165754
onerosamente,179554
oportunamente,179556
opulentamente,907177
opuestamente,938867
opulentísimamente,938865
opresivamente,938873
opíparamente,179553
ora,74074
oscuramente,179555
organizadamente,110294
ordenadamente,911393
oralmente,111092
ostensiblemente,104643
ordinariamente,1011678
otra que,1039671
ostentosamente,172705
otra vez,1011582
otrora,932118
otrosí,996370
pacíficamente,1040120
paladinamente,999255
palabra de hombre,49887
palmo a palmo,1044929
para ayer,977820
papalmente,116091
para el orto,1027431
para el pago de los bomberos,57697
para colmo,992020
para más recacha,49350
paradójicamente,179560
para mayo,29837
parasíticamente,179561
parasitariamente,179558
paremiológicamente,161433
paralelamente,179559
paronomásticamente,179557
parcamente,981635
paritariamente,1039151
particularmente,905878
parsimoniosamente,179563
partidamente,131697
pasaderamente,117848
pasado mañana,28952
pasmosamente,179564
paso,32484
patas arriba,918011
paulatinamente,21875
pausadamente,905622
pasivamente,913458
pecaminosamente,179567
pedagógicamente,135552
pavorosamente,179562
patológicamente,179565
pelando bola,1044144
pegajosamente,434548
pensativamente,179580
peligrosamente,179573
peor,21916
per se,107590
perceptiblemente,931387
perecosamente,179570
perdurablemente,950295
pequeñamente,111641
perdidamente,116973
perennalmente,950267
perennemente,926991
perentoriamente,1039692
perfectamente,118404
perfecto,108765
perfumadamente,179568
periódicamente,981153
perifrásticamente,1005831
perfetamente,118424
perfectiblemente,118412
permisivamente,107698
perjudicialmente,940277
pero,12491
pero cómo hago,1037331
personalmente,72014
persuasivamente,157869
pertinazmente,916061
petulantemente,104517
perpetuamente,1009165
pertinentemente,859343
picantemente,110920
picarescamente,110973
pichín pichán,975348
piano,11079
pico,20338
pipa,16176
placiblemente,172421
plenamente,1011884
placenteramente,172429
plausiblemente,981620
plurale tantum,38589
po,23956
poco,10458
políticamente correcto,8943
pobremente,862619
políticamente,944741
poco a poco,160100
ponzoñosamente,911353
pomposamente,929027
popularmente,914505
poquitico,944565
políticamente incorrecto,971198
poquito,944564
por ahí,1040944
por amor al arte,1040504
por abajo de las patas,15170
por angas o por mangas,114588
por antonomasia,160380
por arte de birlibirloque,983357
por cierto,168956
por arte de magia,975944
por consiguiente,547367
por default,14827
por ejemplo,171988
por el artículo 33,52643
por el campeonato,117091
por doquiera,979692
por el pronto,1040586
por el coño viejo,1036015
por fin,1028616
por ende,120149
por el consiguiente,547370
por la cara,918852
por fuerza,1002985
por la tremenda,161680
por las puras,991941
por lo bajini,110650
por lo mucho,992807
por lo bajinis,110652
por lo bajines,110651
por lo tanto,547364
por lo que más quieras,25514
por los vientos que soplan,1002661
por poder,25457
por menor,1011587
por partes,980491
por poco,1041942
por no dejar,44703
por salir del paso,985823
por qué,112526
por si acaso,578681
por si las moscas,1033943
por unanimidad,991966
por si fuera poco,992019
por tanto,547363
por supuesto,970002
por ñinguiticas,1044720
por ventura,912237
porsi,1044266
porfiadamente,179569
pos,1037616
porsilasmos,1044016
posesivamente,179571
posiblemente,71369
positivamente,179566
positivo,170601
posta,15214
poéticamente,125925
potencialmente,125926
pragmáticamente,981154
posmeridiano,104833
posteriormente,907618
precipitadamente,902587
precipitosamente,126581
precipuamente,126579
precisamente,111334
prehistóricamente,179576
ad hóminem,1009935
adagio,69005
aderredor,901321
adieso,901361
do,9977
además,30870
adelant,111804
adagietto,61261
acuradamente,901127
acullá,41605
adicionalmente,1043743
domésticamente,920732
acá y acullá,950912
do quiera,25509
privado,15217
privilegiadamente,542426
probablemente,72642
productivamente,179574
profesionalmente,578669
profundamente,103781
prohibitivamente,179578
progresivamente,1039007
profusamente,911382
prolongadamente,179577
promisoriamente,179575
prolijamente,71268
pronto,110847
propiamente,1007197
propiciamente,916569
prontísimo,110850
proporcionablemente,169926
prontamente,110848
prontísimamente,110852
proporcionalmente,169932
proporcionadamente,169927
provechosamente,110405
prácticamente,121517
pródigamente,1044326
prudentemente,124299
prósperamente,913587
próximamente,166594
puede ser,910238
puede que,25378
pudorosamente,179572
pues,111299
pujantemente,915912
puntillosamente,168958
pulcramente,182112
punto muerto,898942
puramente,950880
puntualmente,93322
pulidamente,179585
pérfidamente,118421
pésimamente,104365
pícaramente,110960
puro cambur y peo,1037377
públicamente,104366
puro,28397
que jode,1043233
que juega garrote,1043234
quando menos,898993
quando,26317
quedamente,104367
quejumbrosamente,179583
quedito,43898
quesque,960185
quijotescamente,916482
quieras o no,1041774
quietamente,104368
quizá,19998
quizque,960184
quiçá,900312
quizás,42668
qué quiere ser esto,25504
químicamente,179582
racionalmente,981607
qué,26014
qué tanto,900197
rapidísimamente,981913
rabiosamente,179584
radicalmente,179579
rarísimamente,998247
raramente,547283
rarissimamente,399507
rateramente,159653
razonadamente,160182
raudamente,915570
rechazadamente,116421
razonablemente,981606
recatadamente,906142
realmente,106753
rasamente,171235
recientemente,115791
reciamente,115798
recio,115797
recién,115789
rectamente,179591
reconocidamente,172106
recuperadamente,116400
reflexivamente,103104
redro,76128
regiamente,981612
regulín regulán,975347
regularmente,915954
recto,25623
regular,64157
regresivamente,113598
reiterativamente,915897
reiteradamente,103199
relajadamente,103419
relajadoramente,179588
repente,115861
remilgadamente,48306
religiosamente,103420
repetidamente,104556
repeor,104554
reposadamente,103120
repentinamente,103422
repetitivamente,179587
reportadamente,119013
repugnantemente,487342
representativamente,981907
reservadamente,103118
resolutamente,104780
respectivamente,907614
resolutivamente,104781
respetuosamente,166496
respetosamente,166498
resueltamente,126273
retoricadamente,170040
retenidamente,161323
responsablemente,906143
reverendamente,1037433
retóricamente,111521
reversión promedial,59662
revocablemente,103437
revenderísimamente,1037432
reñidamente,941563
ridiculamente,916508
ridículamente,916483
rigorosamente,103439
rigurosamente,103438
ritualmente,110079
robustamente,482357
rotundamente,126266
ricamente,1040890
románticamente,981201
rudamente,179594
ruinosamente,179590
rápido,30523
ruidosamente,179589
rutinariamente,179598
rápidamente,30532
rígidamente,179586
sacrosantamente,125741
rítmicamente,179601
sabrosamente,179596
salerosamente,179595
sacudidamente,180504
saludablemente,127646
salutíferamente,127638
salga pato o gallareta,22485
salvo,41241
salvamente,126454
salvajemente,126445
salvante,126460
satisfactoriamente,127470
sea como fuere,1040042
sangrientamente,992817
santamente,179599
sanamente,179593
secamente,179610
secretamente,179592
sectariamente,179604
secularmente,119616
secundo,119625
sedativamente,119637
seguidamente,119241
sedosamente,179597
secundariamente,119622
seguramente,104122
seguro,105345
según,41084
semánticamente,179600
semanalmente,960109
semejantemente,173214
sencillamente,914200
semejablemente,173213
semestralmente,912329
sensatamente,96568
sentado,125906
sensiblemente,931956
sentidamente,178773
sepa Moya,29670
servicialmente,181272
seriamente,104128
separadamente,92455
sexualmente,179602
severamente,161582
señaladamente,123874
serenamente,179603
si Dios quiere,25495
señorilmente,127724
si es posible,1007530
sic,79105
si yo fuera tú,1013255
significantemente,111446
sicológicamente,115385
siempre,3560
sigilosamente,103119
significativamente,111445
simasito,983744
simbólicamente,127989
simultáneamente,913464
simplemente,55499
simétricamente,210615
simón,984699
sin cargo,8847
simás,983743
sin duda,503678
sin disputa,503681
sin paños calientes,1012073
sin embargo,145689
sin pena ni gloria,1043871
sin el chivo y sin el mecate,952415
sin perjuicio de,1039191
sin querer,25494
sin tino,1005641
sin saber leer ni escribir,28346
sincategorematiquísimamente,1037549
sin querer queriendo,117666
sincategoremáticamente,997227
sinceramente,913343
sine die,1036409
sinfónicamente,179609
singulare tantum,25580
singularmente,905908
siniestramente,179608
sinmigo,1044900
so,28331
siquiera,111423
sintéticamente,179606
sistemáticamente,1009396
soberbiamente,104752
sobrado,78642
sobremanera,1012508
sobradamente,1012506
socarronamente,1007268
sociológicamente,981203
sol,9021
socorridamente,128695
solamente,115017
sobrenaturalmente,110691
solitariamente,179613
solapadamente,179607
solo,54200
socialmente,981202
solemnemente,999254
someramente,906089
songo sorongo,159433
sosegadamente,118338
soporíferamente,179616
suavemente,103053
subitáneamente,110622
sospechosamente,118320
subrepticiamente,914199
sucesivamente,913465
sudorosamente,179617
substancialmente,981210
sucintamente,1039847
suculentamente,179615
suficientemente,111673
suficientísimamente,111674
sulfuradamente,179611
sumariamente,179618
suntuosamente,1002905
summa cum laude,62949
sumamente,163790
sui generis,1003117
superbamente,117157
superabundantemente,117147
superfluamente,911377
superficialmente,905989
supereminentemente,117170
superlativamente,1005748
supersticiosamente,117704
sustancialmente,981211
supuestamente,125817
sutilmente,117197
suso,67814
sécula,89445
sí,25464
sí o sí,1007571
sí y solo si,1009731
sólidamente,916094
sólo,54187
súbitamente,179612
súbito,163111
tacataca,15351
sónicamente,179614
súper,117142
tacañamente,179619
tambien,909373
tal vez,43637
tampoco,45297
también,3566
taimadamente,179625
talvez,125280
tangiblemente,126277
tanto,109978
tarde o temprano,162458
tarde,2582
tarde, mal y nunca,91864
tan,61259
tardíamente,910047
taz a taz,116541
tediosamente,179621
tecnológicamente,179624
tecnocráticamente,179630
telefónicamente,916522
telegráficamente,572810
telemáticamente,926992
temblando,180269
temerosamente,179623
temerariamente,179620
telepáticamente,179622
tempestuosamente,179631
temperamentalmente,981615
templadamente,916562
tempranamente,115723
tenebrosamente,179629
tenedor libre,103188
temprano,115721
tenazmente,912238
tentativamente,160080
tentadoramente,179638
temporalmente,118009
tenuemente,180806
tercamente,125586
teogónicamente,179626
terminantemente,992001
terminus ante quem,66184
terriblemente,111234
teóricamente,981193
terrible,66665
tiernamente,179635
tiranizadamente,126713
tipográficamente,179633
tiranamente,126703
todavia,882444
tiritando,477889
tiránicamente,126705
todavía,42675
todo,26178
tolerablemente,124055
tontamente,179634
topográficamente,163789
torcidamente,124064
toscamente,124063
totalmente,28797
toponímicamente,179636
tradicionalmente,128779
toxicológicamente,179637
tranquilamente,1040121
transitivamente,179639
total,80170
trasanteayer,399576
trasantier,423729
trascartón,25226
trasca,15430
trascendentalmente,905986
triangularmente,109770
trimestralmente,128068
trigonométricamente,179641
tristemente,584455
trinquete,108628
trivialmente,905918
triunfalmente,125159
truncadamente,128420
triunfantemente,125160
trémulamente,998162
tumultuosamente,125156
turísticamente,127299
tácitamente,928302
técnicamente,549550
tétricamente,179632
térmicamente,179628
tónicamente,179627
tímidamente,43632
típicamente,871159
ulteriormente,122619
tópicamente,1003039
ultranza,76219
ultimadamente,122617
un coño,1008890
un huevo,162059
un taco,162076
un tal que vez,168492
un montón,162077
un viaje,162078
un kilo y dos pancitos,1036268
unidamente,116562
uniformemente,116569
unánimemente,166717
una vez por cuaresma,1041941
unilateralmente,116575
universalmente,1037560
unísonamente,1005841
unívocamente,575280
urgentissimamente,391567
urgentemente,916499
urgentísimamente,916506
usualmente,71370
ut supra,64125
valerosamente,179640
valientemente,157605
valorativamente,179643
valiosamente,179642
vanamente,910083
varonilmente,1013937
velozmente,127472
vanidosamente,179644
veramente,112224
venialmente,926993
verazmente,112250
venenosamente,179649
verbigracia,53432
vergonzosamente,1013927
verbosamente,179648
verosímilmente,1013929
verdaderamente,103654
verisímilmente,1013928
verticalmente,911659
vertiginosamente,979989
vibrantemente,913044
viciosamente,1013930
viceversa,58215
villanamente,1013935
violentamente,163006
vigilantemente,1013933
victoriosamente,1013931
vigorosamente,179646
virtuosamente,103632
vis a vis,941483
virilmente,1013936
vilmente,162321
ad experimentum,66586
visiblemente,103633
visualmente,117435
vistosamente,117431
vivamente,133036
vivazmente,133040
volando,72963
vulgo,25126
voluntariamente,916407
xerográficamente,926994
vulgarmente,905912
voluntariosamente,179647
voluptuosamente,179645
xq,1000990
y,12492
y la Colonia Tovar,1044114
y pico,1001012
ya,19556
yo que tú,1007426
yunto,966706
zonzamente,103629
ágilmente,164597
yuso,67815
zafiamente,103631
¡qué pequeño es el mundo!,1016868
ásperamente,163761
¿qué es eso?,977811
zarrapastrosamente,103630
ávidamente,179379
épicamente,125916
éticamente,125914
ídem,1041501
últimamente,122612
ítem,54908
Categoría:ES:Adverbios de cantidad,181731
último,21733
únicamente,157684
Categoría:ES:Adverbios de lugar,77128
Categoría:ES:Adverbios de afirmación,165291
Categoría:ES:Adverbios de duda,882665
Categoría:ES:Adverbios de negación,165275
Categoría:ES:Adverbios de modo,102685
Categoría:ES:Adverbios de tiempo,163614
Categoría:ES:Locuciones adverbiales,46286
activamente,131677
dizque,960173
unipersonalmente,116583
atrasadamente,112290
adentro,21451
adecuadamente,103716
ad effectum videndi,53191
principalmente,92723
acá y allá,950911
ad líbitum,91227
primero,54950
atrasmano,112309
donde Cristo dio las tres voces,119379
dolorosamente,179448
previaje,1039606
acuciadamente,131814
ad multos annos,176863
privadamente,905920
donde,41224
doctísimamente,113385
adelantadamente,111800
primorosamente,979281
primeramente,944712
previamente,911308
doliosamente,114890
adefuera,901291
presurosamente,915427
adonde,41192
doctamente,113380
prematuramente,982970
dolientemente,114885
doble,106462
presuntuosamente,179581
prestamente,130739
preocupadamente,116892
adelante,111769
acríticamente,981194
presto,166530
